,whole_day_gt_180,daytime_gt_180,overnight_gt_180,whole_day_gt_250,daytime_gt_250,overnight_gt_250,whole_day_gte_70_lte_180,daytime_gte_70_lte_180,overnight_gte_70_lte_180,whole_day_gte_70_lte_150,whole_day_gte_70_lte_150,whole_day_gte_70_lte_150,whole_day_lt_70,daytime_lt_70,overnight_lt_70,whole_day_lt_54,daytime_lt_54,overnight_lt_54
auto_mode,49.44378698224845,43.90518162393153,5.538605358316904,14.61002218934909,13.53870808678501,1.071314102564103,78.72774901380625,56.02981180144642,22.697937212360333,56.434972879684445,37.836517915845,18.598454963839608,2.203895463510849,1.8674802761341234,0.33641518737672615,0.5106632149901364,0.44335552268244466,0.06730769230769235
manual_mode,5.3277654503616,4.5397148257725215,0.7880506245890863,2.08927103879027,1.9188239644970415,0.17044707429322817,5.643162393162392,3.8008916831032264,1.8422707100591709,3.970516929651548,2.6974441157133455,1.273072813938199,0.18390450361604213,0.14694280078895466,0.03696170282708745,0.05522682445759374,0.05522682445759374,0.0
